{
  "tool": "tool/export_zip_project.py",
  "root": "D:\\PythonProjects25-12\\AShare",
  "zip": "D:\\PythonProjects25-12\\AShare\\tool\\output\\project_export_20251231_223926.zip",
  "created_at": "2025-12-31T22:39:26.996670+08:00",
  "python": "3.13.3 (tags/v3.13.3:6280bb5, Apr  8 2025, 14:47:33) [MSC v.1943 64 bit (AMD64)]",
  "include_ext": [
    ".json",
    ".md",
    ".py",
    ".toml",
    ".txt",
    ".yaml",
    ".yml"
  ],
  "exclude_dirs": [
    ".git",
    ".idea",
    ".pytest_cache",
    ".venv",
    "__pycache__",
    "dbn_trading_auto",
    "output",
    "venv"
  ],
  "total_files": 69,
  "files": [
    {
      "path": "AGENTS.md",
      "size": 2171,
      "mtime": 1767169331,
      "sha256": "8349078692187223f804e87959d5cbd49d1ae3cb042fb09f94a2d64ca4fe5851"
    },
    {
      "path": "QWEN.md",
      "size": 5772,
      "mtime": 1767170597,
      "sha256": "933976b748c6efa890b5553f7dbd44db2f93c6abc1c7d026ff42e950c3ba1da9"
    },
    {
      "path": "README.md",
      "size": 6277,
      "mtime": 1767164908,
      "sha256": "302c07b020a8feb41aabf8cb15a778a246c0a7c343dd780463ba1fa2c5342ff9"
    },
    {
      "path": "ashare/__init__.py",
      "size": 346,
      "mtime": 1765365802,
      "sha256": "d305865bec3df494f5127c12a978effdb56f21c2e6bdb131fedfe9390f92d92f"
    },
    {
      "path": "ashare/akshare_fetcher.py",
      "size": 4272,
      "mtime": 1765815565,
      "sha256": "70ee3ad7fb494377241fee6125cdd1a993b8d524b236374b112695247db1d271"
    },
    {
      "path": "ashare/app.py",
      "size": 87655,
      "mtime": 1767163139,
      "sha256": "623a7e6776ae21c5111373fd483b1b200424b24263d978a7398cf12f88241677"
    },
    {
      "path": "ashare/baostock_core.py",
      "size": 16593,
      "mtime": 1765642559,
      "sha256": "74f24f3f6cc8b347883c09d92383c6e48c1ae3a6a95cd6059d5e828d4fb4f4ed"
    },
    {
      "path": "ashare/baostock_session.py",
      "size": 10564,
      "mtime": 1766215967,
      "sha256": "48536f8ad7ded6b84855644502ca37e833a679fa3c3a65fd838a1f7cd9abc681"
    },
    {
      "path": "ashare/baostock_tasks.py",
      "size": 3472,
      "mtime": 1765642559,
      "sha256": "a820c6933da633281e3f6c8c5a32ed3aa166d3aa73388ad180aaa306ca6e937f"
    },
    {
      "path": "ashare/calc_metrics.py",
      "size": 7393,
      "mtime": 1766247187,
      "sha256": "4b781638e2ad35dc862fbe0346ab3b9145de1ceddd45fcbc329c39420fe83fde"
    },
    {
      "path": "ashare/chip_filter.py",
      "size": 15723,
      "mtime": 1766561895,
      "sha256": "14a282d5c721f260bf37ed76150e14c6d40fbb4adbba623a822f7b7672229646"
    },
    {
      "path": "ashare/config.py",
      "size": 3481,
      "mtime": 1765530357,
      "sha256": "398e6a9526a932870d7672854ced24a8464dc4e4b8ce4159aa62d0d5df06bb30"
    },
    {
      "path": "ashare/db.py",
      "size": 5749,
      "mtime": 1765599378,
      "sha256": "5b881647c438ac99476dc0f1a8f8cc7d43d613383ca31216d678af12eda728fe"
    },
    {
      "path": "ashare/env_snapshot_utils.py",
      "size": 5221,
      "mtime": 1766681021,
      "sha256": "d30ddee1f74ec37d1a67ec17ac8413fffb004af245bb42f31876b168e75dee85"
    },
    {
      "path": "ashare/external_signal_manager.py",
      "size": 24545,
      "mtime": 1767187191,
      "sha256": "91d4fc7c0528b48c317367835ba8bbdae61c08b9864d6a344a4037b451201580"
    },
    {
      "path": "ashare/fundamental_manager.py",
      "size": 14063,
      "mtime": 1765450449,
      "sha256": "02234b16d064e6f723b3d5314784b9ff6e33ae0d620b1d78df9d0186af94091e"
    },
    {
      "path": "ashare/indicator_utils.py",
      "size": 622,
      "mtime": 1765897926,
      "sha256": "0f793a438ae50b730f5be7972121e38806582efde6ab2e06c5f33ccf426afdba"
    },
    {
      "path": "ashare/ma5_ma20_trend_strategy.py",
      "size": 82265,
      "mtime": 1767163139,
      "sha256": "36b01c12753b97ed920b36d65e0fa31861aa62652970cf1bfbcc132fd13ebb1d"
    },
    {
      "path": "ashare/market_indicator_builder.py",
      "size": 24234,
      "mtime": 1767189063,
      "sha256": "e362c0ccf3556328f2274b91c42c8863a944a63d946c53131a7586bf430b0459"
    },
    {
      "path": "ashare/market_indicator_runner.py",
      "size": 5196,
      "mtime": 1766898543,
      "sha256": "0cbe97a042d407bba5febab23acf3c891dfabd7f05e12f7accfeea211114c8bb"
    },
    {
      "path": "ashare/market_regime.py",
      "size": 8505,
      "mtime": 1765902045,
      "sha256": "e519a56d19e5e5365250af81e5d30a8aedc8d52681c7bf1e58eaec15759665d0"
    },
    {
      "path": "ashare/monitor_rules.py",
      "size": 20374,
      "mtime": 1767189439,
      "sha256": "151d11b13270e4cf394570baa147bc24ed1cccf366896319bda7bcf0e0da0670"
    },
    {
      "path": "ashare/open_monitor.py",
      "size": 29623,
      "mtime": 1767190785,
      "sha256": "361d9e5f87feebb83c5720f9b85a17cfee69e3a1f7d226e2c7d4080a6ea92361"
    },
    {
      "path": "ashare/open_monitor_env.py",
      "size": 41474,
      "mtime": 1767191096,
      "sha256": "83f2630a60bce929b464a1600e56cac29c4a48862d4ba606237fe3b5a882f924"
    },
    {
      "path": "ashare/open_monitor_eval.py",
      "size": 45105,
      "mtime": 1767189720,
      "sha256": "9751924e42c92ead188beb08093ffaff89574a149858998a6bf6b6eb3b7b0c19"
    },
    {
      "path": "ashare/open_monitor_market_data.py",
      "size": 3603,
      "mtime": 1767001106,
      "sha256": "a3450e2332c0137fb90e8ae0c1274f2bd859c46aeb9ff83db9a20ed41ae5c3f5"
    },
    {
      "path": "ashare/open_monitor_quotes.py",
      "size": 10989,
      "mtime": 1766546829,
      "sha256": "dc0944e9eb11d13955e172829c64dfe7f162aa47a1d0a8fdf5da29132e92ca41"
    },
    {
      "path": "ashare/open_monitor_repo.py",
      "size": 72422,
      "mtime": 1767174128,
      "sha256": "73bd140e3480a3fb002cebceae20aa629f2af61e4ceecd21f0eefa44c24af7b2"
    },
    {
      "path": "ashare/open_monitor_rules.py",
      "size": 13069,
      "mtime": 1767189458,
      "sha256": "79f075168f12652839713bab8a828e2cebaf26434a85e5342520c6dcde814cf0"
    },
    {
      "path": "ashare/schema_manager.py",
      "size": 108549,
      "mtime": 1767188791,
      "sha256": "78b380f74c8bc8418c0320765100587b2be139005521e48dadc15b4d46483295"
    },
    {
      "path": "ashare/strategy_candidates.py",
      "size": 12798,
      "mtime": 1767071611,
      "sha256": "3e8e08b35942cc33643ec44c5c2fdf8927ba0362a675325351b3cfd2122c5a4b"
    },
    {
      "path": "ashare/universe.py",
      "size": 5935,
      "mtime": 1765439583,
      "sha256": "a92112ebc9965118bd085a3e7d3e9157f492ee4f7baaca0cd08db6ddbe69b197"
    },
    {
      "path": "ashare/utils/__init__.py",
      "size": 87,
      "mtime": 1765384502,
      "sha256": "0fd0c53cf8248fc7958b9cdc835215abbe1ab25354a263fe223b5aed7da39148"
    },
    {
      "path": "ashare/utils/convert.py",
      "size": 758,
      "mtime": 1766044390,
      "sha256": "0c8de7eec800848ad73590af88dd15a5935c678f90f9a1c82e26412c8c513f36"
    },
    {
      "path": "ashare/utils/logger.py",
      "size": 3451,
      "mtime": 1765708936,
      "sha256": "f6b57ddfa898ce887acf9dad3cebfd2c3e051beab08f529f639d6a52d0340ca7"
    },
    {
      "path": "ashare/weekly_channel_regime.py",
      "size": 17676,
      "mtime": 1766595385,
      "sha256": "1357206202574db2daf57eaebf85507fe5235be114f74905b4812404b13ceab0"
    },
    {
      "path": "ashare/weekly_env_builder.py",
      "size": 45033,
      "mtime": 1767189771,
      "sha256": "34120fd20aecd6e6a196839a7f1a1341067ad5a77818b48bf64ce30c4583ffb6"
    },
    {
      "path": "ashare/weekly_pattern_system.py",
      "size": 39920,
      "mtime": 1766911308,
      "sha256": "e66ad0e322ca64c6b23eebf09e74b0c243183320d8a81da63db65f054e80f5d1"
    },
    {
      "path": "config.yaml",
      "size": 7732,
      "mtime": 1767090460,
      "sha256": "c7641d1dc7ff615eb6b4618407909e88cd4175d5e770d22dd30f16ebc8ff5594"
    },
    {
      "path": "requirements.txt",
      "size": 1752,
      "mtime": 1767168459,
      "sha256": "7da6007b02cf8eb87642e43d7369e68ef7433e0c911456bb0486daef1dc485f2"
    },
    {
      "path": "run_chip_filter.py",
      "size": 2146,
      "mtime": 1766937573,
      "sha256": "513f54ff8675a6b577d906ddcd55c04a9d2fd7a6ec8620b810cd1e37053490f4"
    },
    {
      "path": "run_daily_market_indicator.py",
      "size": 991,
      "mtime": 1766834145,
      "sha256": "dcabee92b5bb203eda187f0563b96606be96aa7157d8fa84e55549e3463a1259"
    },
    {
      "path": "run_index_weekly_channel.py",
      "size": 1061,
      "mtime": 1766834145,
      "sha256": "8dfe0e92f7669ff4018a1b4303223973eb390fd1b0dfadc0f3019a029b104e9e"
    },
    {
      "path": "run_ma5_ma20_trend_strategy.py",
      "size": 601,
      "mtime": 1766159377,
      "sha256": "2bf30586eaffd6366edaddcf518f682f94b88a8445aa10b8024caaf21f8f7692"
    },
    {
      "path": "run_open_monitor.py",
      "size": 283,
      "mtime": 1766589864,
      "sha256": "f173ee4f6f594e916e7b6dc8b22ad3f82118325d064a33bf6be1f9280f5f44f5"
    },
    {
      "path": "run_open_monitor_scheduler.py",
      "size": 5445,
      "mtime": 1766989980,
      "sha256": "a8fa76fccf33b113b4ebda5b464691ba46b9eafd075a2aa096430f72881c8753"
    },
    {
      "path": "run_premarket_funnel.py",
      "size": 1222,
      "mtime": 1766989980,
      "sha256": "ab89bbfbe93a9fa57ed1f746147c1e5c4cd04e4d061c406f611da70544f6cf35"
    },
    {
      "path": "start.py",
      "size": 7219,
      "mtime": 1767028729,
      "sha256": "c49c925190eeab62251eed6c18be50138114559f9de23065478ddfd6e46a0caa"
    },
    {
      "path": "tests/conftest.py",
      "size": 1387,
      "mtime": 1767169352,
      "sha256": "0c031ae883f77109ab4b836d7891c421a3b4ad06692f4f9880458e23c38c4bed"
    },
    {
      "path": "tests/test_config.py",
      "size": 1678,
      "mtime": 1767168184,
      "sha256": "84d351c2b14a0fab0af2fcc8749764e35996425ae709aa55a00a4937e4d45c94"
    },
    {
      "path": "tests/test_convert.py",
      "size": 485,
      "mtime": 1767168209,
      "sha256": "a632db6ac06947c4ab0aa9ff38b58e4da56cd383b675a4305f4332a9c45a354c"
    },
    {
      "path": "tests/test_db_schema.py",
      "size": 1073,
      "mtime": 1767168910,
      "sha256": "c7e74661d95379599df26f7df7402b6a126caf8685dd7f4ca6de7264401061f5"
    },
    {
      "path": "tests/test_indicator_utils.py",
      "size": 276,
      "mtime": 1767168853,
      "sha256": "0aadbefb5e1e12b36b8d7a52ea806b075a41109302aabb6e972c111c74227c7f"
    },
    {
      "path": "tests/test_logger.py",
      "size": 1322,
      "mtime": 1767168184,
      "sha256": "f01a6ea0197f6428802e5168b66f3d492373e90a72e9b5dd857dbd4252125dbe"
    },
    {
      "path": "tests/test_ma5_ma20_trend_strategy.py",
      "size": 903,
      "mtime": 1767168870,
      "sha256": "9c6d8ccd3b4968b562a5a5452d0149619f4db5a55d64e86aea0c7010035766c0"
    },
    {
      "path": "tests/test_market_indicator_builder.py",
      "size": 1385,
      "mtime": 1767168806,
      "sha256": "171e30d623ca8428030c9d8a229d9ccf70754546216075adfbe4f2b9717e6437"
    },
    {
      "path": "tests/test_market_regime.py",
      "size": 600,
      "mtime": 1767168818,
      "sha256": "24e733ccc4712da11e690c04353ea461e18f0750ccbb30f4b0cc6f81c6890d22"
    },
    {
      "path": "tests/test_monitor_rules.py",
      "size": 1020,
      "mtime": 1767168708,
      "sha256": "b4b3bd0701f3c69bbe68c1fcd229593ddf7eb6a7a22ea03b58a1b07386f7226e"
    },
    {
      "path": "tests/test_open_monitor_eval.py",
      "size": 1685,
      "mtime": 1767169068,
      "sha256": "85d01f190ce2c0811250dc03969e0d4d84cfc9f5e423dc4c7cb31cca0ba4561e"
    },
    {
      "path": "tests/test_open_monitor_rules.py",
      "size": 2346,
      "mtime": 1767168686,
      "sha256": "3a3a35ad774d6dcb29295383dbe60cdb2a29d5aeb7041baf31c81f9baca8d2d1"
    },
    {
      "path": "tests/test_strategy_candidates_db.py",
      "size": 2782,
      "mtime": 1767168937,
      "sha256": "06398babde7a84a4ef5356699e0571f0f1be0b025c743ce62ad2da38b44a8845"
    },
    {
      "path": "tests/test_weekly_channel_regime.py",
      "size": 1803,
      "mtime": 1767168753,
      "sha256": "78dc21b9e4d7c20e068a0105d80a1287cff1fa89b66d6589f07e99db87b1b35a"
    },
    {
      "path": "tests/test_weekly_env_builder.py",
      "size": 1207,
      "mtime": 1767168884,
      "sha256": "980e5f1bf4459630878a8373bd328e4b2446ec3d5c1051fb80d47838253832d5"
    },
    {
      "path": "tests/test_weekly_pattern_system.py",
      "size": 825,
      "mtime": 1767168897,
      "sha256": "7e9f87cbec51016e72f84e8167494b69fd89ee081121577ac0062117a2880ba0"
    },
    {
      "path": "tool/export_db_snapshot.py",
      "size": 15347,
      "mtime": 1766295418,
      "sha256": "62c41352486a38ac97556024951e13ad0ec32a56582ba873f09f61c8c4c35ea5"
    },
    {
      "path": "tool/export_project.py",
      "size": 2536,
      "mtime": 1766422399,
      "sha256": "b1bb9353e917c43774c29ee943863d37deb270e77f0948dcf52102b322f2605e"
    },
    {
      "path": "tool/export_zip_project.py",
      "size": 6512,
      "mtime": 1766654560,
      "sha256": "55aac7734c597f42d80528454fee6a77ca4a02651b65ecb561a8feeac880da69"
    },
    {
      "path": "tool/test_akshare_network.py",
      "size": 16574,
      "mtime": 1765815565,
      "sha256": "1bb300847943dcb2257f37a5f3781a5f2c0f69af24aba64d95d559f689a4693e"
    },
    {
      "path": "tool/test_baostock_network.py",
      "size": 8625,
      "mtime": 1766335034,
      "sha256": "4acf3454ca8283180cfe7e760a29d61e8356fd580967cf97a0bddb459e92449f"
    }
  ]
}